Survived,Pclass,Age_random,Relatives,Cabin_Mean_Labels,Miss,Mr,Mrs,Other,male,Q,S
0,3,22.0,0,0.29985443959243100,0,1,0,0,1,0,1
1,1,17.0,2,0.5932203389830510,1,0,0,0,0,0,1
1,1,30.0,2,0.5932203389830510,0,1,0,0,1,0,1
1,1,30.0,1,0.5932203389830510,0,1,1,0,1,0,1
1,1,52.0,2,0.5932203389830510,0,0,1,0,0,0,1